Workbook

Sheet Absolute values
A1: Toca leer | D1: Izquerda | F1: Derecha | G1: Derecha | H1: Izquerda | O1: Izquerda | S1: Montar | T1: Derecha | U1: Derecha | V1: Derecha | W1: Izquerda | X1: Izquerda | Y1: Derecha | Z1: Derecha | AA1: Derecha | AB1: Derecha | AC1: Derecha | AD1: Derecha | AE1: Derecha
A2: cm | B2: 38-39 | C2: 43-44 | D2: 47-48 | E2: 51-52 | F2: 54-55 | G2: 58-59 | H2: 62-63 | I2: 70-71 | J2: 78-79 | K2: 86-87 | L2: 94-95 | M2: 103-104 | N2: 110-111 | O2: 118-119 | P2: 126-127 | Q2: 134-135 | R2: 142-143 | S2: 150-151 | T2: 158-159 | U2: 166-167 | V2: 174-175 | W2: 182-183 | X2: 190-191 | Y2: 198-199 | Z2: 206-207 | AA2: 214-215 | AB2: 222-223 | AC2: 230-231 | AD2: 238-239 | AE2: 246-247 | AF2: 254-255 | AG2: 262-263
A3: Taxon
A5: Cyperaceae | B5: 14 | C5: 13 | D5: 8 | E5: 13 | F5: 14 | G5: 7 | H5: 5 | I5: 2 | L5: 1 | N5: 2 | U5: 1 | Y5: 1 | Z5: 1
A6: Juncaceae | B6: 5 | C6: 2 | D6: 3 | E6: 1 | G6: 1 | I6: 2 | L6: 1 | P6: 1 | T6: 1 | Y6: 1
A7: Typha | B7: 44 | C7: 34 | D7: 46 | E7: 39 | F7: 34 | G7: 56 | H7: 13 | I7: 17 | J7: 7 | K7: 11 | L7: 7 | M7: 3 | N7: 3 | O7: 3 | P7: 3 | S7: 1 | T7: 2 | U7: 3 | V7: 3 | W7: 2 | Y7: 3 | Z7: 2 | AA7: 5 | AB7: 5 | AC7: 2 | AG7: 2
A8: Potamogeton | B8: 1 | C8: 1 | E8: 1 | F8: 1 | G8: 1 | H8: 2 | Q8: 1 | T8: 1 | AA8: 2 | AB8: 3
A9: Lemna | B9: 1 | C9: 3 | D9: 1 | E9: 1 | F9: 1
A10: Nuphar | B10: 1 | C10: 2
A11: Butomus umbellatus | B11: 1 | O11: 2
A12: Spora monolete | B12: 1 | C12: 1 | D12: 4 | E12: 6 | F12: 9 | G12: 2 | H12: 3 | I12: 4 | J12: 1 | L12: 3 | S12: 3 | T12: 1 | U12: 2 | V12: 3 | X12: 3 | Y12: 4 | Z12: 2 | AA12: 1 | AC12: 1 | AD12: 1 | AG12: 2
A13: cf. Ophioglossum/Osmunda | B13: 4 | C13: 2 | E13: 1 | G13: 2 | I13: 1 | K13: 1 | L13: 1 | V13: 1 | Y13: 2 | Z13: 1 | AG13: 1
A14: Pteris | B14: 10 | C14: 3 | D14: 6 | E14: 16 | F14: 6 | G14: 14 | H14: 3 | I14: 1 | J14: 2 | K14: 2 | L14: 1 | M14: 2 | N14: 2 | O14: 4 | P14: 1 | S14: 7 | T14: 1 | V14: 1 | X14: 1 | Y14: 4 | Z14: 5 | AA14: 3 | AC14: 2 | AG14: 13
A15: Other pterophyta | W15: 1
A16: Type 128 | O16: 1 | Y16: 1
A17: Botryococcus | B17: 21 | C17: 6 | D17: 12 | E17: 23 | F17: 16 | G17: 17 | H17: 9 | I17: 8 | J17: 4 | K17: 11 | L17: 14 | M17: 3 | N17: 9 | O17: 7 | P17: 10 | Q17: 4 | R17: 2 | S17: 36 | T17: 44 | U17: 47 | V17: 30 | W17: 86 | X17: 125 | Y17: 99 | Z17: 121 | AA17: 164 | AB17: 86 | AC17: 95 | AD17: 5 | AE17: 4 | AF17: 32 | AG17: 28
A18: Zygnema | D18: 2 | E18: 1 | F18: 4 | H18: 4 | I18: 1 | L18: 1 | P18: 1 | S18: 1 | V18: 1 | Z18: 1
A19: Spirogyra | B19: 15 | C19: 5 | D19: 18 | E19: 15 | F19: 9 | G19: 27 | H19: 9 | I19: 2 | J19: 6 | K19: 3 | L19: 6 | N19: 4 | O19: 2 | P19: 2 | S19: 6 | T19: 1 | U19: 5 | V19: 10 | W19: 11 | X19: 9 | Y19: 12 | Z19: 9 | AA19: 27 | AB19: 13 | AC19: 19 | AD19: 0 | AE19: 0 | AF19: 4 | AG19: 6
A20: Mougeotia | V20: 1
A21: Pediastrum | AA21: 1
A22: Glomus | B22: 3 | C22: 4 | D22: 2 | E22: 3 | F22: 12 | G22: 12 | H22: 4 | N22: 2 | Q22: 1 | S22: 3 | V22: 3 | X22: 2 | Y22: 4 | Z22: 2 | AA22: 3 | AC22: 1
A23: Pseudoshizaea | AA23: 1
A24: Sporormiella | U24: 1 | V24: 1
A25: Coniochaeta | D25: 1 | F25: 1
A26: Chaetomium | E26: 2 | K26: 1
A27: Lycopodium | B27: 186 | C27: 65 | D27: 500 | E27: 440 | F27: 500 | G27: 500 | H27: 500 | I27: 283 | J27: 264 | K27: 303 | L27: 500 | M27: 153 | N27: 500 | O27: 500 | P27: 500 | Q27: 500 | R27: 500 | S27: 500 | T27: 500 | U27: 500 | V27: 500 | W27: 500 | X27: 500 | Y27: 500 | Z27: 500 | AA27: 500 | AB27: 500 | AC27: 500 | AD27: 500 | AE27: 500 | AF27: 500 | AG27: 455
A28: Sediment gr | B28: 3.1 | C28: 5.2 | D28: 3.1 | E28: 5.1 | F28: 3.3 | G28: 5.3 | H28: 3.3 | I28: 3.1 | J28: 3.2 | K28: 3.2 | L28: 3.1 | M28: 3.3 | N28: 3.2 | O28: 3.1 | P28: 3.3 | Q28: 3.1 | R28: 3.1 | S28: 3.2 | T28: 3.2 | U28: 5.1 | V28: 5.1 | W28: 5.1 | X28: 5.1 | Y28: 5.1 | Z28: 5.1 | AA28: 5.1 | AB28: 5.1 | AC28: 5.2 | AD28: 5.3 | AE28: 5.3 | AF28: 5.1 | AG28: 5.3
A29: Concentración Typha | B29: =((20848*2)*B7)/(B27+B28) -> 9701.872 | C29: =((20848*2)*C7)/(C27+C28) -> 20194.644 | D29: =((20848*2)*D7)/(D27+D28) -> 3812.3952 | E29: =((20848*2)*E7)/(E27+E28) -> 3653.4352 | F29: =((20848*2)*F7)/(F27+F28) -> 2816.7375 | G29: =((20848*2)*G7)/(G27+G28) -> 4620.9697 | H29: =((20848*2)*H7)/(H27+H28) -> 1076.9879 | I29: =((20848*2)*I7)/(I27+I28) -> 2477.5673 | ... AG29: =((20848*2)*AG7)/(AG27+AG28) -> 181.1688
A30: Concentración Pteris | B30: =((20848*2)*B14)/(B27+B28) -> 2204.9709 | C30: =((20848*2)*C14)/(C27+C28) -> 1781.8803 | D30: =((20848*2)*D14)/(D27+D28) -> 497.26893 | E30: =((20848*2)*E14)/(E27+E28) -> 1498.8452 | F30: =((20848*2)*F14)/(F27+F28) -> 497.07133 | G30: =((20848*2)*G14)/(G27+G28) -> 1155.2424 | H30: =((20848*2)*H14)/(H27+H28) -> 248.53566 | I30: =((20848*2)*I14)/(I27+I28) -> 145.73925 | ... AG30: =((20848*2)*AG14)/(AG27+AG28) -> 1177.5972
A31: Concentración Botryococcus | B31: =((20848*2)*B17)/(B27+B28) -> 4630.4389 | C31: =((20848*2)*C17)/(C27+C28) -> 3563.7607 | D31: =((20848*2)*D17)/(D27+D28) -> 994.53787 | E31: =((20848*2)*E17)/(E27+E28) -> 2154.59 | F31: =((20848*2)*F17)/(F27+F28) -> 1325.5235 | G31: =((20848*2)*G17)/(G27+G28) -> 1402.7944 | H31: =((20848*2)*H17)/(H27+H28) -> 745.60699 | I31: =((20848*2)*I17)/(I27+I28) -> 1165.914 | ... AG31: =((20848*2)*AG17)/(AG27+AG28) -> 2536.3632
A32: Concentración Spyrogyra | B32: =((20848*2)*B19)/(B27+B28) -> 3307.4564 | C32: =((20848*2)*C19)/(C27+C28) -> 2969.8006 | D32: =((20848*2)*D19)/(D27+D28) -> 1491.8068 | E32: =((20848*2)*E19)/(E27+E28) -> 1405.1674 | F32: =((20848*2)*F19)/(F27+F28) -> 745.60699 | G32: =((20848*2)*G19)/(G27+G28) -> 2227.9675 | H32: =((20848*2)*H19)/(H27+H28) -> 745.60699 | I32: =((20848*2)*I19)/(I27+I28) -> 291.4785 | ... AG32: =((20848*2)*AG19)/(AG27+AG28) -> 543.50641

Sheet Concentration
A1: cm | B1: 38-39 | C1: 43-44 | D1: 47-48 | E1: 51-52 | F1: 54-55 | G1: 58-59 | H1: 62-63 | I1: 70-71 | J1: 78-79 | K1: 86-87 | L1: 94-95 | M1: 103-104 | N1: 110-111 | O1: 118-119 | P1: 126-127 | Q1: 134-135 | R1: 142-143 | S1: 150-151 | T1: 158-159 | U1: 166-167 | V1: 174-175 | W1: 182-183 | X1: 190-191 | Y1: 198-199 | Z1: 206-207 | AA1: 214-215 | AB1: 222-223 | AC1: 230-231 | AD1: 238-239 | AE1: 246-247 | AF1: 254-255 | AG1: 262-263
A2: Taxon
A4: Cyperaceae | B4: =((20848*2)*'Absolute values'!B5)/('Absolute values'!$B$27+'Absolute values'!$B$28) -> 3086.9593 | C4: =((20848*2)*'Absolute values'!C5)/('Absolute values'!$B$27+'Absolute values'!$B$28) -> 2866.4622 | D4: =((20848*2)*'Absolute values'!D5)/('Absolute values'!$B$27+'Absolute values'!$B$28) -> 1763.9767 | E4: =((20848*2)*'Absolute values'!E5)/('Absolute values'!$B$27+'Absolute values'!$B$28) -> 2866.4622 | F4: =((20848*2)*'Absolute values'!F5)/('Absolute values'!$B$27+'Absolute values'!$B$28) -> 3086.9593 | G4: =((20848*2)*'Absolute values'!G5)/('Absolute values'!$B$27+'Absolute values'!$B$28) -> 1543.4796 | H4: =((20848*2)*'Absolute values'!H5)/('Absolute values'!$B$27+'Absolute values'!$B$28) -> 1102.4855 | I4: =((20848*2)*'Absolute values'!I5)/('Absolute values'!$B$27+'Absolute values'!$B$28) -> 440.99418 | ... AG4: =((20848*2)*'Absolute values'!AG5)/('Absolute values'!$B$27+'Absolute values'!$B$28) -> 0
A5: Juncaceae | B5: =((20848*2)*'Absolute values'!B6)/('Absolute values'!$B$27+'Absolute values'!$B$28) -> 1102.4855 | C5: =((20848*2)*'Absolute values'!C6)/('Absolute values'!$B$27+'Absolute values'!$B$28) -> 440.99418 | D5: =((20848*2)*'Absolute values'!D6)/('Absolute values'!$B$27+'Absolute values'!$B$28) -> 661.49127 | E5: =((20848*2)*'Absolute values'!E6)/('Absolute values'!$B$27+'Absolute values'!$B$28) -> 220.49709 | F5: =((20848*2)*'Absolute values'!F6)/('Absolute values'!$B$27+'Absolute values'!$B$28) -> 0 | G5: =((20848*2)*'Absolute values'!G6)/('Absolute values'!$B$27+'Absolute values'!$B$28) -> 220.49709 | H5: =((20848*2)*'Absolute values'!H6)/('Absolute values'!$B$27+'Absolute values'!$B$28) -> 0 | I5: =((20848*2)*'Absolute values'!I6)/('Absolute values'!$B$27+'Absolute values'!$B$28) -> 440.99418 | ... AG5: =((20848*2)*'Absolute values'!AG6)/('Absolute values'!$B$27+'Absolute values'!$B$28) -> 0
A6: Typha | B6: =((20848*2)*'Absolute values'!B7)/('Absolute values'!$B$27+'Absolute values'!$B$28) -> 9701.872 | C6: =((20848*2)*'Absolute values'!C7)/('Absolute values'!$B$27+'Absolute values'!$B$28) -> 7496.9011 | D6: =((20848*2)*'Absolute values'!D7)/('Absolute values'!$B$27+'Absolute values'!$B$28) -> 10142.866 | E6: =((20848*2)*'Absolute values'!E7)/('Absolute values'!$B$27+'Absolute values'!$B$28) -> 8599.3866 | F6: =((20848*2)*'Absolute values'!F7)/('Absolute values'!$B$27+'Absolute values'!$B$28) -> 7496.9011 | G6: =((20848*2)*'Absolute values'!G7)/('Absolute values'!$B$27+'Absolute values'!$B$28) -> 12347.837 | H6: =((20848*2)*'Absolute values'!H7)/('Absolute values'!$B$27+'Absolute values'!$B$28) -> 2866.4622 | I6: =((20848*2)*'Absolute values'!I7)/('Absolute values'!$B$27+'Absolute values'!$B$28) -> 3748.4506 | ... AG6: =((20848*2)*'Absolute values'!AG7)/('Absolute values'!$B$27+'Absolute values'!$B$28) -> 440.99418
A7: Potamogeton | B7: =((20848*2)*'Absolute values'!B8)/('Absolute values'!$B$27+'Absolute values'!$B$28) -> 220.49709 | C7: =((20848*2)*'Absolute values'!C8)/('Absolute values'!$B$27+'Absolute values'!$B$28) -> 220.49709 | D7: =((20848*2)*'Absolute values'!D8)/('Absolute values'!$B$27+'Absolute values'!$B$28) -> 0 | E7: =((20848*2)*'Absolute values'!E8)/('Absolute values'!$B$27+'Absolute values'!$B$28) -> 220.49709 | F7: =((20848*2)*'Absolute values'!F8)/('Absolute values'!$B$27+'Absolute values'!$B$28) -> 220.49709 | G7: =((20848*2)*'Absolute values'!G8)/('Absolute values'!$B$27+'Absolute values'!$B$28) -> 220.49709 | H7: =((20848*2)*'Absolute values'!H8)/('Absolute values'!$B$27+'Absolute values'!$B$28) -> 440.99418 | I7: =((20848*2)*'Absolute values'!I8)/('Absolute values'!$B$27+'Absolute values'!$B$28) -> 0 | ... AG7: =((20848*2)*'Absolute values'!AG8)/('Absolute values'!$B$27+'Absolute values'!$B$28) -> 0
A8: Lemna | B8: =((20848*2)*'Absolute values'!B9)/('Absolute values'!$B$27+'Absolute values'!$B$28) -> 220.49709 | C8: =((20848*2)*'Absolute values'!C9)/('Absolute values'!$B$27+'Absolute values'!$B$28) -> 661.49127 | D8: =((20848*2)*'Absolute values'!D9)/('Absolute values'!$B$27+'Absolute values'!$B$28) -> 220.49709 | E8: =((20848*2)*'Absolute values'!E9)/('Absolute values'!$B$27+'Absolute values'!$B$28) -> 220.49709 | F8: =((20848*2)*'Absolute values'!F9)/('Absolute values'!$B$27+'Absolute values'!$B$28) -> 220.49709 | G8: =((20848*2)*'Absolute values'!G9)/('Absolute values'!$B$27+'Absolute values'!$B$28) -> 0 | H8: =((20848*2)*'Absolute values'!H9)/('Absolute values'!$B$27+'Absolute values'!$B$28) -> 0 | I8: =((20848*2)*'Absolute values'!I9)/('Absolute values'!$B$27+'Absolute values'!$B$28) -> 0 | ... AG8: =((20848*2)*'Absolute values'!AG9)/('Absolute values'!$B$27+'Absolute values'!$B$28) -> 0
A9: Nuphar | B9: =((20848*2)*'Absolute values'!B10)/('Absolute values'!$B$27+'Absolute values'!$B$28) -> 220.49709 | C9: =((20848*2)*'Absolute values'!C10)/('Absolute values'!$B$27+'Absolute values'!$B$28) -> 440.99418 | D9: =((20848*2)*'Absolute values'!D10)/('Absolute values'!$B$27+'Absolute values'!$B$28) -> 0 | E9: =((20848*2)*'Absolute values'!E10)/('Absolute values'!$B$27+'Absolute values'!$B$28) -> 0 | F9: =((20848*2)*'Absolute values'!F10)/('Absolute values'!$B$27+'Absolute values'!$B$28) -> 0 | G9: =((20848*2)*'Absolute values'!G10)/('Absolute values'!$B$27+'Absolute values'!$B$28) -> 0 | H9: =((20848*2)*'Absolute values'!H10)/('Absolute values'!$B$27+'Absolute values'!$B$28) -> 0 | I9: =((20848*2)*'Absolute values'!I10)/('Absolute values'!$B$27+'Absolute values'!$B$28) -> 0 | ... AG9: =((20848*2)*'Absolute values'!AG10)/('Absolute values'!$B$27+'Absolute values'!$B$28) -> 0
A10: Butomus umbellatus | B10: =((20848*2)*'Absolute values'!B11)/('Absolute values'!$B$27+'Absolute values'!$B$28) -> 220.49709 | C10: =((20848*2)*'Absolute values'!C11)/('Absolute values'!$B$27+'Absolute values'!$B$28) -> 0 | D10: =((20848*2)*'Absolute values'!D11)/('Absolute values'!$B$27+'Absolute values'!$B$28) -> 0 | E10: =((20848*2)*'Absolute values'!E11)/('Absolute values'!$B$27+'Absolute values'!$B$28) -> 0 | F10: =((20848*2)*'Absolute values'!F11)/('Absolute values'!$B$27+'Absolute values'!$B$28) -> 0 | G10: =((20848*2)*'Absolute values'!G11)/('Absolute values'!$B$27+'Absolute values'!$B$28) -> 0 | H10: =((20848*2)*'Absolute values'!H11)/('Absolute values'!$B$27+'Absolute values'!$B$28) -> 0 | I10: =((20848*2)*'Absolute values'!I11)/('Absolute values'!$B$27+'Absolute values'!$B$28) -> 0 | ... AG10: =((20848*2)*'Absolute values'!AG11)/('Absolute values'!$B$27+'Absolute values'!$B$28) -> 0
A11: Spora monolete | B11: =((20848*2)*'Absolute values'!B12)/('Absolute values'!$B$27+'Absolute values'!$B$28) -> 220.49709 | C11: =((20848*2)*'Absolute values'!C12)/('Absolute values'!$B$27+'Absolute values'!$B$28) -> 220.49709 | D11: =((20848*2)*'Absolute values'!D12)/('Absolute values'!$B$27+'Absolute values'!$B$28) -> 881.98837 | E11: =((20848*2)*'Absolute values'!E12)/('Absolute values'!$B$27+'Absolute values'!$B$28) -> 1322.9825 | F11: =((20848*2)*'Absolute values'!F12)/('Absolute values'!$B$27+'Absolute values'!$B$28) -> 1984.4738 | G11: =((20848*2)*'Absolute values'!G12)/('Absolute values'!$B$27+'Absolute values'!$B$28) -> 440.99418 | H11: =((20848*2)*'Absolute values'!H12)/('Absolute values'!$B$27+'Absolute values'!$B$28) -> 661.49127 | I11: =((20848*2)*'Absolute values'!I12)/('Absolute values'!$B$27+'Absolute values'!$B$28) -> 881.98837 | ... AG11: =((20848*2)*'Absolute values'!AG12)/('Absolute values'!$B$27+'Absolute values'!$B$28) -> 440.99418
A12: Ophioglossum/Osmunda | B12: =((20848*2)*'Absolute values'!B13)/('Absolute values'!$B$27+'Absolute values'!$B$28) -> 881.98837 | C12: =((20848*2)*'Absolute values'!C13)/('Absolute values'!$B$27+'Absolute values'!$B$28) -> 440.99418 | D12: =((20848*2)*'Absolute values'!D13)/('Absolute values'!$B$27+'Absolute values'!$B$28) -> 0 | E12: =((20848*2)*'Absolute values'!E13)/('Absolute values'!$B$27+'Absolute values'!$B$28) -> 220.49709 | F12: =((20848*2)*'Absolute values'!F13)/('Absolute values'!$B$27+'Absolute values'!$B$28) -> 0 | G12: =((20848*2)*'Absolute values'!G13)/('Absolute values'!$B$27+'Absolute values'!$B$28) -> 440.99418 | H12: =((20848*2)*'Absolute values'!H13)/('Absolute values'!$B$27+'Absolute values'!$B$28) -> 0 | I12: =((20848*2)*'Absolute values'!I13)/('Absolute values'!$B$27+'Absolute values'!$B$28) -> 220.49709 | ... AG12: =((20848*2)*'Absolute values'!AG13)/('Absolute values'!$B$27+'Absolute values'!$B$28) -> 220.49709
A13: Pteris | B13: =((20848*2)*'Absolute values'!B14)/('Absolute values'!$B$27+'Absolute values'!$B$28) -> 2204.9709 | C13: =((20848*2)*'Absolute values'!C14)/('Absolute values'!$B$27+'Absolute values'!$B$28) -> 661.49127 | D13: =((20848*2)*'Absolute values'!D14)/('Absolute values'!$B$27+'Absolute values'!$B$28) -> 1322.9825 | E13: =((20848*2)*'Absolute values'!E14)/('Absolute values'!$B$27+'Absolute values'!$B$28) -> 3527.9535 | F13: =((20848*2)*'Absolute values'!F14)/('Absolute values'!$B$27+'Absolute values'!$B$28) -> 1322.9825 | G13: =((20848*2)*'Absolute values'!G14)/('Absolute values'!$B$27+'Absolute values'!$B$28) -> 3086.9593 | H13: =((20848*2)*'Absolute values'!H14)/('Absolute values'!$B$27+'Absolute values'!$B$28) -> 661.49127 | I13: =((20848*2)*'Absolute values'!I14)/('Absolute values'!$B$27+'Absolute values'!$B$28) -> 220.49709 | ... AG13: =((20848*2)*'Absolute values'!AG14)/('Absolute values'!$B$27+'Absolute values'!$B$28) -> 2866.4622
A14: Other pterophyta | B14: =((20848*2)*'Absolute values'!B15)/('Absolute values'!$B$27+'Absolute values'!$B$28) -> 0 | C14: =((20848*2)*'Absolute values'!C15)/('Absolute values'!$B$27+'Absolute values'!$B$28) -> 0 | D14: =((20848*2)*'Absolute values'!D15)/('Absolute values'!$B$27+'Absolute values'!$B$28) -> 0 | E14: =((20848*2)*'Absolute values'!E15)/('Absolute values'!$B$27+'Absolute values'!$B$28) -> 0 | F14: =((20848*2)*'Absolute values'!F15)/('Absolute values'!$B$27+'Absolute values'!$B$28) -> 0 | G14: =((20848*2)*'Absolute values'!G15)/('Absolute values'!$B$27+'Absolute values'!$B$28) -> 0 | H14: =((20848*2)*'Absolute values'!H15)/('Absolute values'!$B$27+'Absolute values'!$B$28) -> 0 | I14: =((20848*2)*'Absolute values'!I15)/('Absolute values'!$B$27+'Absolute values'!$B$28) -> 0 | ... AG14: =((20848*2)*'Absolute values'!AG15)/('Absolute values'!$B$27+'Absolute values'!$B$28) -> 0
A15: Type 128 | B15: =((20848*2)*'Absolute values'!B16)/('Absolute values'!$B$27+'Absolute values'!$B$28) -> 0 | C15: =((20848*2)*'Absolute values'!C16)/('Absolute values'!$B$27+'Absolute values'!$B$28) -> 0 | D15: =((20848*2)*'Absolute values'!D16)/('Absolute values'!$B$27+'Absolute values'!$B$28) -> 0 | E15: =((20848*2)*'Absolute values'!E16)/('Absolute values'!$B$27+'Absolute values'!$B$28) -> 0 | F15: =((20848*2)*'Absolute values'!F16)/('Absolute values'!$B$27+'Absolute values'!$B$28) -> 0 | G15: =((20848*2)*'Absolute values'!G16)/('Absolute values'!$B$27+'Absolute values'!$B$28) -> 0 | H15: =((20848*2)*'Absolute values'!H16)/('Absolute values'!$B$27+'Absolute values'!$B$28) -> 0 | I15: =((20848*2)*'Absolute values'!I16)/('Absolute values'!$B$27+'Absolute values'!$B$28) -> 0 | ... AG15: =((20848*2)*'Absolute values'!AG16)/('Absolute values'!$B$27+'Absolute values'!$B$28) -> 0
... A25: Chaetomium | B25: =((20848*2)*'Absolute values'!B26)/('Absolute values'!$B$27+'Absolute values'!$B$28) -> 0 | C25: =((20848*2)*'Absolute values'!C26)/('Absolute values'!$B$27+'Absolute values'!$B$28) -> 0 | D25: =((20848*2)*'Absolute values'!D26)/('Absolute values'!$B$27+'Absolute values'!$B$28) -> 0 | E25: =((20848*2)*'Absolute values'!E26)/('Absolute values'!$B$27+'Absolute values'!$B$28) -> 440.99418 | F25: =((20848*2)*'Absolute values'!F26)/('Absolute values'!$B$27+'Absolute values'!$B$28) -> 0 | G25: =((20848*2)*'Absolute values'!G26)/('Absolute values'!$B$27+'Absolute values'!$B$28) -> 0 | H25: =((20848*2)*'Absolute values'!H26)/('Absolute values'!$B$27+'Absolute values'!$B$28) -> 0 | I25: =((20848*2)*'Absolute values'!I26)/('Absolute values'!$B$27+'Absolute values'!$B$28) -> 0 | ... AG25: =((20848*2)*'Absolute values'!AG26)/('Absolute values'!$B$27+'Absolute values'!$B$28) -> 0

Sheet Sheet3
A1: id | B1: depth | C1: min | D1: max | E1: median | F1: mean | G1: Cyperaceae | H1: Juncaceae | I1: Typha | J1: Potamogeton | K1: Lemna | L1: Nuphar | M1: Butomus umbellatus | N1: Spora monolete | O1: Ophioglossum/Osmunda | P1: Pteris | Q1: Other pterophyta | R1: Type 128 | S1: Botryococcus | T1: Zygnema | U1: Spirogyra | V1: Mougeotia | W1: Pediastrum | X1: Glomus | Y1: Pseudoshizaea | Z1: Sporormiella | AA1: Coniochaeta | AB1: Chaetomium
A2: 38-39 | B2: 38 | C2: 5859 | D2: 6219 | E2: 6044 | F2: 6038 | G2: 3086.9593 | H2: 1102.4855 | I2: 9701.872 | J2: 220.49709 | K2: 220.49709 | L2: 220.49709 | M2: 220.49709 | N2: 220.49709 | O2: 881.98837 | P2: 2204.9709 | Q2: 0 | R2: 0 | S2: 4630.4389 | T2: 0 | U2: 3307.4564 | V2: 0 | W2: 0 | X2: 661.49127 | Y2: 0 | Z2: 0 | AA2: 0 | AB2: 0
A3: 43-44 | B3: 43 | C3: 6295 | D3: 6636 | E3: 6479 | F3: 6475 | G3: 2866.4622 | H3: 440.99418 | I3: 7496.9011 | J3: 220.49709 | K3: 661.49127 | L3: 440.99418 | M3: 0 | N3: 220.49709 | O3: 440.99418 | P3: 661.49127 | Q3: 0 | R3: 0 | S3: 1322.9825 | T3: 0 | U3: 1102.4855 | V3: 0 | W3: 0 | X3: 881.98837 | Y3: 0 | Z3: 0 | AA3: 0 | AB3: 0
A4: 47-48 | B4: 47 | C4: 6514 | D4: 7167 | E4: 6755 | F4: 6778 | G4: 1763.9767 | H4: 661.49127 | I4: 10142.866 | J4: 0 | K4: 220.49709 | L4: 0 | M4: 0 | N4: 881.98837 | O4: 0 | P4: 1322.9825 | Q4: 0 | R4: 0 | S4: 2645.9651 | T4: 440.99418 | U4: 3968.9476 | V4: 0 | W4: 0 | X4: 440.99418 | Y4: 0 | Z4: 0 | AA4: 220.49709 | AB4: 0
A5: 51-52 | B5: 51 | C5: 6677 | D5: 7487 | E5: 7018 | F5: 7035 | G5: 2866.4622 | H5: 220.49709 | I5: 8599.3866 | J5: 220.49709 | K5: 220.49709 | L5: 0 | M5: 0 | N5: 1322.9825 | O5: 220.49709 | P5: 3527.9535 | Q5: 0 | R5: 0 | S5: 5071.4331 | T5: 220.49709 | U5: 3307.4564 | V5: 0 | W5: 0 | X5: 661.49127 | Y5: 0 | Z5: 0 | AA5: 0 | AB5: 440.99418
A6: 54-55 | B6: 54 | C6: 6817 | D6: 7710 | E6: 7201 | F6: 7219 | G6: 3086.9593 | H6: 0 | I6: 7496.9011 | J6: 220.49709 | K6: 220.49709 | L6: 0 | M6: 0 | N6: 1984.4738 | O6: 0 | P6: 1322.9825 | Q6: 0 | R6: 0 | S6: 3527.9535 | T6: 881.98837 | U6: 1984.4738 | V6: 0 | W6: 0 | X6: 2645.9651 | Y6: 0 | Z6: 0 | AA6: 220.49709 | AB6: 0
A7: 58-59 | B7: 58 | C7: 6995 | D7: 7925 | E7: 7478 | F7: 7470 | G7: 1543.4796 | H7: 220.49709 | I7: 12347.837 | J7: 220.49709 | K7: 0 | L7: 0 | M7: 0 | N7: 440.99418 | O7: 440.99418 | P7: 3086.9593 | Q7: 0 | R7: 0 | S7: 3748.4506 | T7: 0 | U7: 5953.4215 | V7: 0 | W7: 0 | X7: 2645.9651 | Y7: 0 | Z7: 0 | AA7: 0 | AB7: 0
A8: 62-63 | B8: 62 | C8: 7302 | D8: 8018 | E8: 7751 | F8: 7727 | G8: 1102.4855 | H8: 0 | I8: 2866.4622 | J8: 440.99418 | K8: 0 | L8: 0 | M8: 0 | N8: 661.49127 | O8: 0 | P8: 661.49127 | Q8: 0 | R8: 0 | S8: 1984.4738 | T8: 881.98837 | U8: 1984.4738 | V8: 0 | W8: 0 | X8: 881.98837 | Y8: 0 | Z8: 0 | AA8: 0 | AB8: 0
A9: 70-71 | B9: 70 | C9: 8002 | D9: 8376 | E9: 8167 | F9: 8172 | G9: 440.99418 | H9: 440.99418 | I9: 3748.4506 | J9: 0 | K9: 0 | L9: 0 | M9: 0 | N9: 881.98837 | O9: 220.49709 | P9: 220.49709 | Q9: 0 | R9: 0 | S9: 1763.9767 | T9: 220.49709 | U9: 440.99418 | V9: 0 | W9: 0 | X9: 0 | Y9: 0 | Z9: 0 | AA9: 0 | AB9: 0
A10: 78-79 | B10: 78 | C10: 8158 | D10: 8910 | E10: 8476 | F10: 8491 | G10: 0 | H10: 0 | I10: 1543.4796 | J10: 0 | K10: 0 | L10: 0 | M10: 0 | N10: 220.49709 | O10: 0 | P10: 440.99418 | Q10: 0 | R10: 0 | S10: 881.98837 | T10: 0 | U10: 1322.9825 | V10: 0 | W10: 0 | X10: 0 | Y10: 0 | Z10: 0 | AA10: 0 | AB10: 0
A11: 86-87 | B11: 86 | C11: 8401 | D11: 9214 | E11: 8807 | F11: 8808 | G11: 0 | H11: 0 | I11: 2425.468 | J11: 0 | K11: 0 | L11: 0 | M11: 0 | N11: 0 | O11: 220.49709 | P11: 440.99418 | Q11: 0 | R11: 0 | S11: 2425.468 | T11: 0 | U11: 661.49127 | V11: 0 | W11: 0 | X11: 0 | Y11: 0 | Z11: 0 | AA11: 0 | AB11: 220.49709
A12: 94-95 | B12: 94 | C12: 8713 | D12: 9483 | E12: 9140 | F12: 9127 | G12: 220.49709 | H12: 220.49709 | I12: 1543.4796 | J12: 0 | K12: 0 | L12: 0 | M12: 0 | N12: 661.49127 | O12: 220.49709 | P12: 220.49709 | Q12: 0 | R12: 0 | S12: 3086.9593 | T12: 220.49709 | U12: 1322.9825 | V12: 0 | W12: 0 | X12: 0 | Y12: 0 | Z12: 0 | AA12: 0 | AB12: 0
A13: 103-104 | B13: 103 | C13: 9359 | D13: 9750 | E13: 9541 | F13: 9545 | G13: 0 | H13: 0 | I13: 661.49127 | J13: 0 | K13: 0 | L13: 0 | M13: 0 | N13: 0 | O13: 0 | P13: 440.99418 | Q13: 0 | R13: 0 | S13: 661.49127 | T13: 0 | U13: 0 | V13: 0 | W13: 0 | X13: 0 | Y13: 0 | Z13: 0 | AA13: 0 | AB13: 0
... A33: 262-263 | B33: 262 | C33: 19164 | D33: 20332 | E33: 19793 | F33: 19780 | G33: 0 | H33: 0 | I33: 440.99418 | J33: 0 | K33: 0 | L33: 0 | M33: 0 | N33: 440.99418 | O33: 220.49709 | P33: 2866.4622 | Q33: 0 | R33: 0 | S33: 6173.9186 | T33: 0 | U33: 1322.9825 | V33: 0 | W33: 0 | X33: 0 | Y33: 0 | Z33: 0 | AA33: 0 | AB33: 0
